window_start,window_end,source,event_count,vote_count,failed_login_ratio,inter_arrival_variance,distinct_ip_count,ip_entropy,ground_truth_label
2026-09-30 16:20:00+00:00,2026-09-30 16:25:00+00:00,cvr,100,100,0.0,0.0,1,0.0,normal
2026-09-30 16:20:00+00:00,2026-09-30 16:25:00+00:00,hdfs,180,180,0.0,2.5238653631284918e-08,1,0.0,normal
2026-10-14 09:00:00+00:00,2026-10-14 09:05:00+00:00,bgl,22,22,0.0,6.857142857142859,1,0.0,normal
2026-10-14 09:05:00+00:00,2026-10-14 09:10:00+00:00,bgl,23,23,0.0,12.467532467532465,1,0.0,normal
2026-10-14 09:10:00+00:00,2026-10-14 09:15:00+00:00,bgl,23,23,0.0,12.467532467532465,1,0.0,normal
2026-10-14 09:15:00+00:00,2026-10-14 09:20:00+00:00,bgl,23,23,0.0,12.467532467532465,1,0.0,normal
2026-10-14 09:20:00+00:00,2026-10-14 09:25:00+00:00,bgl,23,23,0.0,12.467532467532465,1,0.0,normal
2026-10-14 09:25:00+00:00,2026-10-14 09:30:00+00:00,bgl,23,23,0.0,12.467532467532465,1,0.0,normal
2026-10-14 09:30:00+00:00,2026-10-14 09:35:00+00:00,bgl,23,23,0.0,12.467532467532468,1,0.0,normal
2026-10-14 09:35:00+00:00,2026-10-14 09:40:00+00:00,bgl,23,23,0.0,12.467532467532468,1,0.0,normal
2026-10-14 09:40:00+00:00,2026-10-14 09:45:00+00:00,bgl,1,1,0.0,0.0,1,0.0,normal
2026-10-14 09:05:00+00:00,2026-10-14 09:10:00+00:00,voteograph,4,4,0.0,2.3333333333333335,1,0.0,normal
2026-10-14 09:10:00+00:00,2026-10-14 09:15:00+00:00,voteograph,4,4,0.0,2.3333333333333335,1,0.0,normal
2026-10-14 09:15:00+00:00,2026-10-14 09:20:00+00:00,voteograph,4,4,0.0,2.3333333333333335,1,0.0,normal
2026-10-14 09:20:00+00:00,2026-10-14 09:25:00+00:00,voteograph,4,4,0.0,2.3333333333333335,1,0.0,normal
2026-10-14 09:25:00+00:00,2026-10-14 09:30:00+00:00,voteograph,4,4,0.0,2.3333333333333335,1,0.0,normal
2026-10-14 09:30:00+00:00,2026-10-14 09:35:00+00:00,voteograph,4,4,0.0,2.3333333333333335,1,0.0,normal
2026-10-14 09:35:00+00:00,2026-10-14 09:40:00+00:00,voteograph,4,4,0.0,2.3333333333333335,1,0.0,normal
2026-10-14 09:40:00+00:00,2026-10-14 09:45:00+00:00,voteograph,4,4,0.0,2.3333333333333335,1,0.0,normal
2026-10-14 09:45:00+00:00,2026-10-14 09:50:00+00:00,voteograph,4,4,0.0,2.3333333333333335,1,0.0,normal
2026-10-14 09:50:00+00:00,2026-10-14 09:55:00+00:00,voteograph,4,4,0.0,2.3333333333333335,1,0.0,normal
2026-10-14 09:55:00+00:00,2026-10-14 10:00:00+00:00,voteograph,4,4,0.0,2.3333333333333335,1,0.0,normal
2026-10-14 10:00:00+00:00,2026-10-14 10:05:00+00:00,voteograph,4,4,0.0,2.3333333333333335,1,0.0,normal
2026-10-14 10:05:00+00:00,2026-10-14 10:10:00+00:00,voteograph,4,4,0.0,2.3333333333333335,1,0.0,normal
2026-10-14 10:10:00+00:00,2026-10-14 10:15:00+00:00,voteograph,4,4,0.0,2.3333333333333335,1,0.0,normal
2026-10-14 10:15:00+00:00,2026-10-14 10:20:00+00:00,voteograph,4,4,0.0,2.3333333333333335,1,0.0,normal
2026-10-14 10:20:00+00:00,2026-10-14 10:25:00+00:00,voteograph,4,4,0.0,2.3333333333333335,1,0.0,normal
2026-10-14 10:25:00+00:00,2026-10-14 10:30:00+00:00,voteograph,4,4,0.0,2.3333333333333335,1,0.0,normal
2026-10-14 10:30:00+00:00,2026-10-14 10:35:00+00:00,voteograph,4,4,0.0,2.3333333333333335,1,0.0,normal
2026-10-14 10:35:00+00:00,2026-10-14 10:40:00+00:00,voteograph,4,4,0.0,2.3333333333333335,1,0.0,normal
2026-10-14 10:40:00+00:00,2026-10-14 10:45:00+00:00,voteograph,4,4,0.0,2.3333333333333335,1,0.0,normal
