BlockId,Label
blk_-1,Normal
blk_-2,Normal
blk_-3,Normal
blk_-4,Normal
blk_-5,Normal
blk_-6,Normal
blk_-7,Normal
blk_-8,Normal
blk_-9,Normal
blk_-10,Anomaly
blk_-11,Normal
blk_-12,Normal
blk_-13,Normal
blk_-14,Normal
blk_-15,Normal
blk_-16,Normal
blk_-17,Normal
blk_-18,Normal
blk_-19,Normal
blk_-20,Anomaly
blk_-21,Normal
blk_-22,Normal
blk_-23,Normal
blk_-24,Normal
blk_-25,Normal
blk_-26,Normal
blk_-27,Normal
blk_-28,Normal
blk_-29,Normal
blk_-30,Anomaly
blk_-31,Normal
blk_-32,Normal
blk_-33,Normal
blk_-34,Normal
blk_-35,Normal
blk_-36,Normal
blk_-37,Normal
blk_-38,Normal
blk_-39,Normal
blk_-40,Anomaly
blk_-41,Normal
blk_-42,Normal
blk_-43,Normal
blk_-44,Normal
blk_-45,Normal
blk_-46,Normal
blk_-47,Normal
blk_-48,Normal
blk_-49,Normal
blk_-50,Anomaly
blk_-51,Normal
blk_-52,Normal
blk_-53,Normal
blk_-54,Normal
blk_-55,Normal
blk_-56,Normal
blk_-57,Normal
blk_-58,Normal
blk_-59,Normal
blk_-60,Anomaly
blk_-61,Normal
blk_-62,Normal
blk_-63,Normal
blk_-64,Normal
blk_-65,Normal
blk_-66,Normal
blk_-67,Normal
blk_-68,Normal
blk_-69,Normal
blk_-70,Anomaly
blk_-71,Normal
blk_-72,Normal
blk_-73,Normal
blk_-74,Normal
blk_-75,Normal
blk_-76,Normal
blk_-77,Normal
blk_-78,Normal
blk_-79,Normal
blk_-80,Anomaly
blk_-81,Normal
blk_-82,Normal
blk_-83,Normal
blk_-84,Normal
blk_-85,Normal
blk_-86,Normal
blk_-87,Normal
blk_-88,Normal
blk_-89,Normal
blk_-90,Anomaly
blk_-91,Normal
blk_-92,Normal
blk_-93,Normal
blk_-94,Normal
blk_-95,Normal
blk_-96,Normal
blk_-97,Normal
blk_-98,Normal
blk_-99,Normal
blk_-100,Anomaly
blk_-101,Normal
blk_-102,Normal
blk_-103,Normal
blk_-104,Normal
blk_-105,Normal
blk_-106,Normal
blk_-107,Normal
blk_-108,Normal
blk_-109,Normal
blk_-110,Anomaly
blk_-111,Normal
blk_-112,Normal
blk_-113,Normal
blk_-114,Normal
blk_-115,Normal
blk_-116,Normal
blk_-117,Normal
blk_-118,Normal
blk_-119,Normal
blk_-120,Anomaly
blk_-121,Normal
blk_-122,Normal
blk_-123,Normal
blk_-124,Normal
blk_-125,Normal
blk_-126,Normal
blk_-127,Normal
blk_-128,Normal
blk_-129,Normal
blk_-130,Anomaly
blk_-131,Normal
blk_-132,Normal
blk_-133,Normal
blk_-134,Normal
blk_-135,Normal
blk_-136,Normal
blk_-137,Normal
blk_-138,Normal
blk_-139,Normal
blk_-140,Anomaly
blk_-141,Normal
blk_-142,Normal
blk_-143,Normal
blk_-144,Normal
blk_-145,Normal
blk_-146,Normal
blk_-147,Normal
blk_-148,Normal
blk_-149,Normal
blk_-150,Anomaly
blk_-151,Normal
blk_-152,Normal
blk_-153,Normal
blk_-154,Normal
blk_-155,Normal
blk_-156,Normal
blk_-157,Normal
blk_-158,Normal
blk_-159,Normal
blk_-160,Anomaly
blk_-161,Normal
blk_-162,Normal
blk_-163,Normal
blk_-164,Normal
blk_-165,Normal
blk_-166,Normal
blk_-167,Normal
blk_-168,Normal
blk_-169,Normal
blk_-170,Anomaly
blk_-171,Normal
blk_-172,Normal
blk_-173,Normal
blk_-174,Normal
blk_-175,Normal
blk_-176,Normal
blk_-177,Normal
blk_-178,Normal
blk_-179,Normal
blk_-180,Anomaly
blk_-181,Normal
blk_-182,Normal
blk_-183,Normal
blk_-184,Normal
blk_-185,Normal
blk_-186,Normal
blk_-187,Normal
blk_-188,Normal
blk_-189,Normal
blk_-190,Anomaly
blk_-191,Normal
blk_-192,Normal
blk_-193,Normal
blk_-194,Normal
blk_-195,Normal
blk_-196,Normal
blk_-197,Normal
blk_-198,Normal
blk_-199,Normal
blk_-200,Anomaly
