Label,Timestamp,Date,Node,Time,NodeRepeat,Type,Component,Level,Content
-,1791968412,2026-10-14,R01-M0-N0-C:J00-U01,09:00:12,normal,NULL,KERNEL,INFO,Job navigation step verification succeeded
-,1791968424,2026-10-14,R02-M0-N0-C:J00-U01,09:00:24,normal,NULL,KERNEL,INFO,Job navigation step verification succeeded
-,1791968436,2026-10-14,R03-M0-N0-C:J00-U01,09:00:36,normal,NULL,KERNEL,INFO,Job navigation step verification succeeded
-,1791968448,2026-10-14,R04-M0-N0-C:J00-U01,09:00:48,normal,NULL,KERNEL,INFO,Job navigation step verification succeeded
-,1791968460,2026-10-14,R05-M0-N0-C:J00-U01,09:01:00,normal,NULL,KERNEL,INFO,Job navigation step verification succeeded
-,1791968472,2026-10-14,R06-M0-N0-C:J00-U01,09:01:12,normal,NULL,KERNEL,INFO,Job navigation step verification succeeded
-,1791968484,2026-10-14,R07-M0-N0-C:J00-U01,09:01:24,normal,NULL,KERNEL,INFO,Job navigation step verification succeeded
-,1791968496,2026-10-14,R08-M0-N0-C:J00-U01,09:01:36,normal,NULL,KERNEL,INFO,Job navigation step verification succeeded
-,1791968508,2026-10-14,R09-M0-N0-C:J00-U01,09:01:48,normal,NULL,KERNEL,INFO,Job navigation step verification succeeded
-,1791968520,2026-10-14,R10-M0-N0-C:J00-U01,09:02:00,normal,NULL,KERNEL,INFO,Job navigation step verification succeeded
-,1791968532,2026-10-14,R11-M0-N0-C:J00-U01,09:02:12,normal,NULL,KERNEL,INFO,Job navigation step verification succeeded
FATAL,1791968544,2026-10-14,R12-M0-N0-C:J00-U01,09:02:24,normal,NULL,KERNEL,FATAL,Authentication memory fault failure
-,1791968556,2026-10-14,R13-M0-N0-C:J00-U01,09:02:36,normal,NULL,KERNEL,INFO,Job navigation step verification succeeded
-,1791968568,2026-10-14,R14-M0-N0-C:J00-U01,09:02:48,normal,NULL,KERNEL,INFO,Job navigation step verification succeeded
-,1791968580,2026-10-14,R15-M0-N0-C:J00-U01,09:03:00,normal,NULL,KERNEL,INFO,Job navigation step verification succeeded
-,1791968592,2026-10-14,R00-M0-N0-C:J00-U01,09:03:12,normal,NULL,KERNEL,INFO,Job navigation step verification succeeded
-,1791968604,2026-10-14,R01-M0-N0-C:J00-U01,09:03:24,normal,NULL,KERNEL,INFO,Job navigation step verification succeeded
-,1791968616,2026-10-14,R02-M0-N0-C:J00-U01,09:03:36,normal,NULL,KERNEL,INFO,Job navigation step verification succeeded
-,1791968628,2026-10-14,R03-M0-N0-C:J00-U01,09:03:48,normal,NULL,KERNEL,INFO,Job navigation step verification succeeded
-,1791968640,2026-10-14,R04-M0-N0-C:J00-U01,09:04:00,normal,NULL,KERNEL,INFO,Job navigation step verification succeeded
-,1791968652,2026-10-14,R05-M0-N0-C:J00-U01,09:04:12,normal,NULL,KERNEL,INFO,Job navigation step verification succeeded
-,1791968664,2026-10-14,R06-M0-N0-C:J00-U01,09:04:24,normal,NULL,KERNEL,INFO,Job navigation step verification succeeded
-,1791968676,2026-10-14,R07-M0-N0-C:J00-U01,09:04:36,normal,NULL,KERNEL,INFO,Job navigation step verification succeeded
FATAL,1791968688,2026-10-14,R08-M0-N0-C:J00-U01,09:04:48,normal,NULL,KERNEL,FATAL,Authentication memory fault failure
-,1791968700,2026-10-14,R09-M0-N0-C:J00-U01,09:05:00,normal,NULL,KERNEL,INFO,Job navigation step verification succeeded
-,1791968712,2026-10-14,R10-M0-N0-C:J00-U01,09:05:12,normal,NULL,KERNEL,INFO,Job navigation step verification succeeded
-,1791968724,2026-10-14,R11-M0-N0-C:J00-U01,09:05:24,normal,NULL,KERNEL,INFO,Job navigation step verification succeeded
-,1791968736,2026-10-14,R12-M0-N0-C:J00-U01,09:05:36,normal,NULL,KERNEL,INFO,Job navigation step verification succeeded
-,1791968748,2026-10-14,R13-M0-N0-C:J00-U01,09:05:48,normal,NULL,KERNEL,INFO,Job navigation step verification succeeded
-,1791968760,2026-10-14,R14-M0-N0-C:J00-U01,09:06:00,normal,NULL,KERNEL,INFO,Job navigation step verification succeeded
-,1791968772,2026-10-14,R15-M0-N0-C:J00-U01,09:06:12,normal,NULL,KERNEL,INFO,Job navigation step verification succeeded
-,1791968784,2026-10-14,R00-M0-N0-C:J00-U01,09:06:24,normal,NULL,KERNEL,INFO,Job navigation step verification succeeded
-,1791968796,2026-10-14,R01-M0-N0-C:J00-U01,09:06:36,normal,NULL,KERNEL,INFO,Job navigation step verification succeeded
-,1791968808,2026-10-14,R02-M0-N0-C:J00-U01,09:06:48,normal,NULL,KERNEL,INFO,Job navigation step verification succeeded
-,1791968820,2026-10-14,R03-M0-N0-C:J00-U01,09:07:00,normal,NULL,KERNEL,INFO,Job navigation step verification succeeded
FATAL,1791968832,2026-10-14,R04-M0-N0-C:J00-U01,09:07:12,normal,NULL,KERNEL,FATAL,Authentication memory fault failure
-,1791968844,2026-10-14,R05-M0-N0-C:J00-U01,09:07:24,normal,NULL,KERNEL,INFO,Job navigation step verification succeeded
-,1791968856,2026-10-14,R06-M0-N0-C:J00-U01,09:07:36,normal,NULL,KERNEL,INFO,Job navigation step verification succeeded
-,1791968868,2026-10-14,R07-M0-N0-C:J00-U01,09:07:48,normal,NULL,KERNEL,INFO,Job navigation step verification succeeded
-,1791968880,2026-10-14,R08-M0-N0-C:J00-U01,09:08:00,normal,NULL,KERNEL,INFO,Job navigation step verification succeeded
-,1791968892,2026-10-14,R09-M0-N0-C:J00-U01,09:08:12,normal,NULL,KERNEL,INFO,Job navigation step verification succeeded
-,1791968904,2026-10-14,R10-M0-N0-C:J00-U01,09:08:24,normal,NULL,KERNEL,INFO,Job navigation step verification succeeded
-,1791968916,2026-10-14,R11-M0-N0-C:J00-U01,09:08:36,normal,NULL,KERNEL,INFO,Job navigation step verification succeeded
-,1791968928,2026-10-14,R12-M0-N0-C:J00-U01,09:08:48,normal,NULL,KERNEL,INFO,Job navigation step verification succeeded
-,1791968940,2026-10-14,R13-M0-N0-C:J00-U01,09:09:00,normal,NULL,KERNEL,INFO,Job navigation step verification succeeded
-,1791968952,2026-10-14,R14-M0-N0-C:J00-U01,09:09:12,normal,NULL,KERNEL,INFO,Job navigation step verification succeeded
-,1791968964,2026-10-14,R15-M0-N0-C:J00-U01,09:09:24,normal,NULL,KERNEL,INFO,Job navigation step verification succeeded
FATAL,1791968976,2026-10-14,R00-M0-N0-C:J00-U01,09:09:36,normal,NULL,KERNEL,FATAL,Authentication memory fault failure
-,1791968988,2026-10-14,R01-M0-N0-C:J00-U01,09:09:48,normal,NULL,KERNEL,INFO,Job navigation step verification succeeded
-,1791969000,2026-10-14,R02-M0-N0-C:J00-U01,09:10:00,normal,NULL,KERNEL,INFO,Job navigation step verification succeeded
-,1791969012,2026-10-14,R03-M0-N0-C:J00-U01,09:10:12,normal,NULL,KERNEL,INFO,Job navigation step verification succeeded
-,1791969024,2026-10-14,R04-M0-N0-C:J00-U01,09:10:24,normal,NULL,KERNEL,INFO,Job navigation step verification succeeded
-,1791969036,2026-10-14,R05-M0-N0-C:J00-U01,09:10:36,normal,NULL,KERNEL,INFO,Job navigation step verification succeeded
-,1791969048,2026-10-14,R06-M0-N0-C:J00-U01,09:10:48,normal,NULL,KERNEL,INFO,Job navigation step verification succeeded
-,1791969060,2026-10-14,R07-M0-N0-C:J00-U01,09:11:00,normal,NULL,KERNEL,INFO,Job navigation step verification succeeded
-,1791969072,2026-10-14,R08-M0-N0-C:J00-U01,09:11:12,normal,NULL,KERNEL,INFO,Job navigation step verification succeeded
-,1791969084,2026-10-14,R09-M0-N0-C:J00-U01,09:11:24,normal,NULL,KERNEL,INFO,Job navigation step verification succeeded
-,1791969096,2026-10-14,R10-M0-N0-C:J00-U01,09:11:36,normal,NULL,KERNEL,INFO,Job navigation step verification succeeded
-,1791969108,2026-10-14,R11-M0-N0-C:J00-U01,09:11:48,normal,NULL,KERNEL,INFO,Job navigation step verification succeeded
FATAL,1791969120,2026-10-14,R12-M0-N0-C:J00-U01,09:12:00,normal,NULL,KERNEL,FATAL,Authentication memory fault failure
-,1791969132,2026-10-14,R13-M0-N0-C:J00-U01,09:12:12,normal,NULL,KERNEL,INFO,Job navigation step verification succeeded
-,1791969144,2026-10-14,R14-M0-N0-C:J00-U01,09:12:24,normal,NULL,KERNEL,INFO,Job navigation step verification succeeded
-,1791969156,2026-10-14,R15-M0-N0-C:J00-U01,09:12:36,normal,NULL,KERNEL,INFO,Job navigation step verification succeeded
-,1791969168,2026-10-14,R00-M0-N0-C:J00-U01,09:12:48,normal,NULL,KERNEL,INFO,Job navigation step verification succeeded
-,1791969180,2026-10-14,R01-M0-N0-C:J00-U01,09:13:00,normal,NULL,KERNEL,INFO,Job navigation step verification succeeded
-,1791969192,2026-10-14,R02-M0-N0-C:J00-U01,09:13:12,normal,NULL,KERNEL,INFO,Job navigation step verification succeeded
-,1791969204,2026-10-14,R03-M0-N0-C:J00-U01,09:13:24,normal,NULL,KERNEL,INFO,Job navigation step verification succeeded
-,1791969216,2026-10-14,R04-M0-N0-C:J00-U01,09:13:36,normal,NULL,KERNEL,INFO,Job navigation step verification succeeded
-,1791969228,2026-10-14,R05-M0-N0-C:J00-U01,09:13:48,normal,NULL,KERNEL,INFO,Job navigation step verification succeeded
-,1791969240,2026-10-14,R06-M0-N0-C:J00-U01,09:14:00,normal,NULL,KERNEL,INFO,Job navigation step verification succeeded
-,1791969252,2026-10-14,R07-M0-N0-C:J00-U01,09:14:12,normal,NULL,KERNEL,INFO,Job navigation step verification succeeded
FATAL,1791969264,2026-10-14,R08-M0-N0-C:J00-U01,09:14:24,normal,NULL,KERNEL,FATAL,Authentication memory fault failure
-,1791969276,2026-10-14,R09-M0-N0-C:J00-U01,09:14:36,normal,NULL,KERNEL,INFO,Job navigation step verification succeeded
-,1791969288,2026-10-14,R10-M0-N0-C:J00-U01,09:14:48,normal,NULL,KERNEL,INFO,Job navigation step verification succeeded
-,1791969300,2026-10-14,R11-M0-N0-C:J00-U01,09:15:00,normal,NULL,KERNEL,INFO,Job navigation step verification succeeded
-,1791969312,2026-10-14,R12-M0-N0-C:J00-U01,09:15:12,normal,NULL,KERNEL,INFO,Job navigation step verification succeeded
-,1791969324,2026-10-14,R13-M0-N0-C:J00-U01,09:15:24,normal,NULL,KERNEL,INFO,Job navigation step verification succeeded
-,1791969336,2026-10-14,R14-M0-N0-C:J00-U01,09:15:36,normal,NULL,KERNEL,INFO,Job navigation step verification succeeded
-,1791969348,2026-10-14,R15-M0-N0-C:J00-U01,09:15:48,normal,NULL,KERNEL,INFO,Job navigation step verification succeeded
-,1791969360,2026-10-14,R00-M0-N0-C:J00-U01,09:16:00,normal,NULL,KERNEL,INFO,Job navigation step verification succeeded
-,1791969372,2026-10-14,R01-M0-N0-C:J00-U01,09:16:12,normal,NULL,KERNEL,INFO,Job navigation step verification succeeded
-,1791969384,2026-10-14,R02-M0-N0-C:J00-U01,09:16:24,normal,NULL,KERNEL,INFO,Job navigation step verification succeeded
-,1791969396,2026-10-14,R03-M0-N0-C:J00-U01,09:16:36,normal,NULL,KERNEL,INFO,Job navigation step verification succeeded
FATAL,1791969408,2026-10-14,R04-M0-N0-C:J00-U01,09:16:48,normal,NULL,KERNEL,FATAL,Authentication memory fault failure
-,1791969420,2026-10-14,R05-M0-N0-C:J00-U01,09:17:00,normal,NULL,KERNEL,INFO,Job navigation step verification succeeded
-,1791969432,2026-10-14,R06-M0-N0-C:J00-U01,09:17:12,normal,NULL,KERNEL,INFO,Job navigation step verification succeeded
-,1791969444,2026-10-14,R07-M0-N0-C:J00-U01,09:17:24,normal,NULL,KERNEL,INFO,Job navigation step verification succeeded
-,1791969456,2026-10-14,R08-M0-N0-C:J00-U01,09:17:36,normal,NULL,KERNEL,INFO,Job navigation step verification succeeded
-,1791969468,2026-10-14,R09-M0-N0-C:J00-U01,09:17:48,normal,NULL,KERNEL,INFO,Job navigation step verification succeeded
-,1791969480,2026-10-14,R10-M0-N0-C:J00-U01,09:18:00,normal,NULL,KERNEL,INFO,Job navigation step verification succeeded
-,1791969492,2026-10-14,R11-M0-N0-C:J00-U01,09:18:12,normal,NULL,KERNEL,INFO,Job navigation step verification succeeded
-,1791969504,2026-10-14,R12-M0-N0-C:J00-U01,09:18:24,normal,NULL,KERNEL,INFO,Job navigation step verification succeeded
-,1791969516,2026-10-14,R13-M0-N0-C:J00-U01,09:18:36,normal,NULL,KERNEL,INFO,Job navigation step verification succeeded
-,1791969528,2026-10-14,R14-M0-N0-C:J00-U01,09:18:48,normal,NULL,KERNEL,INFO,Job navigation step verification succeeded
-,1791969540,2026-10-14,R15-M0-N0-C:J00-U01,09:19:00,normal,NULL,KERNEL,INFO,Job navigation step verification succeeded
FATAL,1791969552,2026-10-14,R00-M0-N0-C:J00-U01,09:19:12,normal,NULL,KERNEL,FATAL,Authentication memory fault failure
-,1791969564,2026-10-14,R01-M0-N0-C:J00-U01,09:19:24,normal,NULL,KERNEL,INFO,Job navigation step verification succeeded
-,1791969576,2026-10-14,R02-M0-N0-C:J00-U01,09:19:36,normal,NULL,KERNEL,INFO,Job navigation step verification succeeded
-,1791969588,2026-10-14,R03-M0-N0-C:J00-U01,09:19:48,normal,NULL,KERNEL,INFO,Job navigation step verification succeeded
-,1791969600,2026-10-14,R04-M0-N0-C:J00-U01,09:20:00,normal,NULL,KERNEL,INFO,Job navigation step verification succeeded
-,1791969612,2026-10-14,R05-M0-N0-C:J00-U01,09:20:12,normal,NULL,KERNEL,INFO,Job navigation step verification succeeded
-,1791969624,2026-10-14,R06-M0-N0-C:J00-U01,09:20:24,normal,NULL,KERNEL,INFO,Job navigation step verification succeeded
-,1791969636,2026-10-14,R07-M0-N0-C:J00-U01,09:20:36,normal,NULL,KERNEL,INFO,Job navigation step verification succeeded
-,1791969648,2026-10-14,R08-M0-N0-C:J00-U01,09:20:48,normal,NULL,KERNEL,INFO,Job navigation step verification succeeded
-,1791969660,2026-10-14,R09-M0-N0-C:J00-U01,09:21:00,normal,NULL,KERNEL,INFO,Job navigation step verification succeeded
-,1791969672,2026-10-14,R10-M0-N0-C:J00-U01,09:21:12,normal,NULL,KERNEL,INFO,Job navigation step verification succeeded
-,1791969684,2026-10-14,R11-M0-N0-C:J00-U01,09:21:24,normal,NULL,KERNEL,INFO,Job navigation step verification succeeded
FATAL,1791969696,2026-10-14,R12-M0-N0-C:J00-U01,09:21:36,normal,NULL,KERNEL,FATAL,Authentication memory fault failure
-,1791969708,2026-10-14,R13-M0-N0-C:J00-U01,09:21:48,normal,NULL,KERNEL,INFO,Job navigation step verification succeeded
-,1791969720,2026-10-14,R14-M0-N0-C:J00-U01,09:22:00,normal,NULL,KERNEL,INFO,Job navigation step verification succeeded
-,1791969732,2026-10-14,R15-M0-N0-C:J00-U01,09:22:12,normal,NULL,KERNEL,INFO,Job navigation step verification succeeded
-,1791969744,2026-10-14,R00-M0-N0-C:J00-U01,09:22:24,normal,NULL,KERNEL,INFO,Job navigation step verification succeeded
-,1791969756,2026-10-14,R01-M0-N0-C:J00-U01,09:22:36,normal,NULL,KERNEL,INFO,Job navigation step verification succeeded
-,1791969768,2026-10-14,R02-M0-N0-C:J00-U01,09:22:48,normal,NULL,KERNEL,INFO,Job navigation step verification succeeded
-,1791969780,2026-10-14,R03-M0-N0-C:J00-U01,09:23:00,normal,NULL,KERNEL,INFO,Job navigation step verification succeeded
-,1791969792,2026-10-14,R04-M0-N0-C:J00-U01,09:23:12,normal,NULL,KERNEL,INFO,Job navigation step verification succeeded
-,1791969804,2026-10-14,R05-M0-N0-C:J00-U01,09:23:24,normal,NULL,KERNEL,INFO,Job navigation step verification succeeded
-,1791969816,2026-10-14,R06-M0-N0-C:J00-U01,09:23:36,normal,NULL,KERNEL,INFO,Job navigation step verification succeeded
-,1791969828,2026-10-14,R07-M0-N0-C:J00-U01,09:23:48,normal,NULL,KERNEL,INFO,Job navigation step verification succeeded
FATAL,1791969840,2026-10-14,R08-M0-N0-C:J00-U01,09:24:00,normal,NULL,KERNEL,FATAL,Authentication memory fault failure
-,1791969852,2026-10-14,R09-M0-N0-C:J00-U01,09:24:12,normal,NULL,KERNEL,INFO,Job navigation step verification succeeded
-,1791969864,2026-10-14,R10-M0-N0-C:J00-U01,09:24:24,normal,NULL,KERNEL,INFO,Job navigation step verification succeeded
-,1791969876,2026-10-14,R11-M0-N0-C:J00-U01,09:24:36,normal,NULL,KERNEL,INFO,Job navigation step verification succeeded
-,1791969888,2026-10-14,R12-M0-N0-C:J00-U01,09:24:48,normal,NULL,KERNEL,INFO,Job navigation step verification succeeded
-,1791969900,2026-10-14,R13-M0-N0-C:J00-U01,09:25:00,normal,NULL,KERNEL,INFO,Job navigation step verification succeeded
-,1791969912,2026-10-14,R14-M0-N0-C:J00-U01,09:25:12,normal,NULL,KERNEL,INFO,Job navigation step verification succeeded
-,1791969924,2026-10-14,R15-M0-N0-C:J00-U01,09:25:24,normal,NULL,KERNEL,INFO,Job navigation step verification succeeded
-,1791969936,2026-10-14,R00-M0-N0-C:J00-U01,09:25:36,normal,NULL,KERNEL,INFO,Job navigation step verification succeeded
-,1791969948,2026-10-14,R01-M0-N0-C:J00-U01,09:25:48,normal,NULL,KERNEL,INFO,Job navigation step verification succeeded
-,1791969960,2026-10-14,R02-M0-N0-C:J00-U01,09:26:00,normal,NULL,KERNEL,INFO,Job navigation step verification succeeded
-,1791969972,2026-10-14,R03-M0-N0-C:J00-U01,09:26:12,normal,NULL,KERNEL,INFO,Job navigation step verification succeeded
FATAL,1791969984,2026-10-14,R04-M0-N0-C:J00-U01,09:26:24,normal,NULL,KERNEL,FATAL,Authentication memory fault failure
-,1791969996,2026-10-14,R05-M0-N0-C:J00-U01,09:26:36,normal,NULL,KERNEL,INFO,Job navigation step verification succeeded
-,1791970008,2026-10-14,R06-M0-N0-C:J00-U01,09:26:48,normal,NULL,KERNEL,INFO,Job navigation step verification succeeded
-,1791970020,2026-10-14,R07-M0-N0-C:J00-U01,09:27:00,normal,NULL,KERNEL,INFO,Job navigation step verification succeeded
-,1791970032,2026-10-14,R08-M0-N0-C:J00-U01,09:27:12,normal,NULL,KERNEL,INFO,Job navigation step verification succeeded
-,1791970044,2026-10-14,R09-M0-N0-C:J00-U01,09:27:24,normal,NULL,KERNEL,INFO,Job navigation step verification succeeded
-,1791970056,2026-10-14,R10-M0-N0-C:J00-U01,09:27:36,normal,NULL,KERNEL,INFO,Job navigation step verification succeeded
-,1791970068,2026-10-14,R11-M0-N0-C:J00-U01,09:27:48,normal,NULL,KERNEL,INFO,Job navigation step verification succeeded
-,1791970080,2026-10-14,R12-M0-N0-C:J00-U01,09:28:00,normal,NULL,KERNEL,INFO,Job navigation step verification succeeded
-,1791970092,2026-10-14,R13-M0-N0-C:J00-U01,09:28:12,normal,NULL,KERNEL,INFO,Job navigation step verification succeeded
-,1791970104,2026-10-14,R14-M0-N0-C:J00-U01,09:28:24,normal,NULL,KERNEL,INFO,Job navigation step verification succeeded
-,1791970116,2026-10-14,R15-M0-N0-C:J00-U01,09:28:36,normal,NULL,KERNEL,INFO,Job navigation step verification succeeded
FATAL,1791970128,2026-10-14,R00-M0-N0-C:J00-U01,09:28:48,normal,NULL,KERNEL,FATAL,Authentication memory fault failure
-,1791970140,2026-10-14,R01-M0-N0-C:J00-U01,09:29:00,normal,NULL,KERNEL,INFO,Job navigation step verification succeeded
-,1791970152,2026-10-14,R02-M0-N0-C:J00-U01,09:29:12,normal,NULL,KERNEL,INFO,Job navigation step verification succeeded
-,1791970164,2026-10-14,R03-M0-N0-C:J00-U01,09:29:24,normal,NULL,KERNEL,INFO,Job navigation step verification succeeded
-,1791970176,2026-10-14,R04-M0-N0-C:J00-U01,09:29:36,normal,NULL,KERNEL,INFO,Job navigation step verification succeeded
-,1791970188,2026-10-14,R05-M0-N0-C:J00-U01,09:29:48,normal,NULL,KERNEL,INFO,Job navigation step verification succeeded
-,1791970200,2026-10-14,R06-M0-N0-C:J00-U01,09:30:00,normal,NULL,KERNEL,INFO,Job navigation step verification succeeded
-,1791970212,2026-10-14,R07-M0-N0-C:J00-U01,09:30:12,normal,NULL,KERNEL,INFO,Job navigation step verification succeeded
-,1791970224,2026-10-14,R08-M0-N0-C:J00-U01,09:30:24,normal,NULL,KERNEL,INFO,Job navigation step verification succeeded
-,1791970236,2026-10-14,R09-M0-N0-C:J00-U01,09:30:36,normal,NULL,KERNEL,INFO,Job navigation step verification succeeded
-,1791970248,2026-10-14,R10-M0-N0-C:J00-U01,09:30:48,normal,NULL,KERNEL,INFO,Job navigation step verification succeeded
-,1791970260,2026-10-14,R11-M0-N0-C:J00-U01,09:31:00,normal,NULL,KERNEL,INFO,Job navigation step verification succeeded
FATAL,1791970272,2026-10-14,R12-M0-N0-C:J00-U01,09:31:12,normal,NULL,KERNEL,FATAL,Authentication memory fault failure
-,1791970284,2026-10-14,R13-M0-N0-C:J00-U01,09:31:24,normal,NULL,KERNEL,INFO,Job navigation step verification succeeded
-,1791970296,2026-10-14,R14-M0-N0-C:J00-U01,09:31:36,normal,NULL,KERNEL,INFO,Job navigation step verification succeeded
-,1791970308,2026-10-14,R15-M0-N0-C:J00-U01,09:31:48,normal,NULL,KERNEL,INFO,Job navigation step verification succeeded
-,1791970320,2026-10-14,R00-M0-N0-C:J00-U01,09:32:00,normal,NULL,KERNEL,INFO,Job navigation step verification succeeded
-,1791970332,2026-10-14,R01-M0-N0-C:J00-U01,09:32:12,normal,NULL,KERNEL,INFO,Job navigation step verification succeeded
-,1791970344,2026-10-14,R02-M0-N0-C:J00-U01,09:32:24,normal,NULL,KERNEL,INFO,Job navigation step verification succeeded
-,1791970356,2026-10-14,R03-M0-N0-C:J00-U01,09:32:36,normal,NULL,KERNEL,INFO,Job navigation step verification succeeded
-,1791970368,2026-10-14,R04-M0-N0-C:J00-U01,09:32:48,normal,NULL,KERNEL,INFO,Job navigation step verification succeeded
-,1791970380,2026-10-14,R05-M0-N0-C:J00-U01,09:33:00,normal,NULL,KERNEL,INFO,Job navigation step verification succeeded
-,1791970392,2026-10-14,R06-M0-N0-C:J00-U01,09:33:12,normal,NULL,KERNEL,INFO,Job navigation step verification succeeded
-,1791970404,2026-10-14,R07-M0-N0-C:J00-U01,09:33:24,normal,NULL,KERNEL,INFO,Job navigation step verification succeeded
FATAL,1791970416,2026-10-14,R08-M0-N0-C:J00-U01,09:33:36,normal,NULL,KERNEL,FATAL,Authentication memory fault failure
-,1791970428,2026-10-14,R09-M0-N0-C:J00-U01,09:33:48,normal,NULL,KERNEL,INFO,Job navigation step verification succeeded
-,1791970440,2026-10-14,R10-M0-N0-C:J00-U01,09:34:00,normal,NULL,KERNEL,INFO,Job navigation step verification succeeded
-,1791970452,2026-10-14,R11-M0-N0-C:J00-U01,09:34:12,normal,NULL,KERNEL,INFO,Job navigation step verification succeeded
-,1791970464,2026-10-14,R12-M0-N0-C:J00-U01,09:34:24,normal,NULL,KERNEL,INFO,Job navigation step verification succeeded
-,1791970476,2026-10-14,R13-M0-N0-C:J00-U01,09:34:36,normal,NULL,KERNEL,INFO,Job navigation step verification succeeded
-,1791970488,2026-10-14,R14-M0-N0-C:J00-U01,09:34:48,normal,NULL,KERNEL,INFO,Job navigation step verification succeeded
-,1791970500,2026-10-14,R15-M0-N0-C:J00-U01,09:35:00,normal,NULL,KERNEL,INFO,Job navigation step verification succeeded
-,1791970512,2026-10-14,R00-M0-N0-C:J00-U01,09:35:12,normal,NULL,KERNEL,INFO,Job navigation step verification succeeded
-,1791970524,2026-10-14,R01-M0-N0-C:J00-U01,09:35:24,normal,NULL,KERNEL,INFO,Job navigation step verification succeeded
-,1791970536,2026-10-14,R02-M0-N0-C:J00-U01,09:35:36,normal,NULL,KERNEL,INFO,Job navigation step verification succeeded
-,1791970548,2026-10-14,R03-M0-N0-C:J00-U01,09:35:48,normal,NULL,KERNEL,INFO,Job navigation step verification succeeded
FATAL,1791970560,2026-10-14,R04-M0-N0-C:J00-U01,09:36:00,normal,NULL,KERNEL,FATAL,Authentication memory fault failure
-,1791970572,2026-10-14,R05-M0-N0-C:J00-U01,09:36:12,normal,NULL,KERNEL,INFO,Job navigation step verification succeeded
-,1791970584,2026-10-14,R06-M0-N0-C:J00-U01,09:36:24,normal,NULL,KERNEL,INFO,Job navigation step verification succeeded
-,1791970596,2026-10-14,R07-M0-N0-C:J00-U01,09:36:36,normal,NULL,KERNEL,INFO,Job navigation step verification succeeded
-,1791970608,2026-10-14,R08-M0-N0-C:J00-U01,09:36:48,normal,NULL,KERNEL,INFO,Job navigation step verification succeeded
-,1791970620,2026-10-14,R09-M0-N0-C:J00-U01,09:37:00,normal,NULL,KERNEL,INFO,Job navigation step verification succeeded
-,1791970632,2026-10-14,R10-M0-N0-C:J00-U01,09:37:12,normal,NULL,KERNEL,INFO,Job navigation step verification succeeded
-,1791970644,2026-10-14,R11-M0-N0-C:J00-U01,09:37:24,normal,NULL,KERNEL,INFO,Job navigation step verification succeeded
-,1791970656,2026-10-14,R12-M0-N0-C:J00-U01,09:37:36,normal,NULL,KERNEL,INFO,Job navigation step verification succeeded
-,1791970668,2026-10-14,R13-M0-N0-C:J00-U01,09:37:48,normal,NULL,KERNEL,INFO,Job navigation step verification succeeded
-,1791970680,2026-10-14,R14-M0-N0-C:J00-U01,09:38:00,normal,NULL,KERNEL,INFO,Job navigation step verification succeeded
-,1791970692,2026-10-14,R15-M0-N0-C:J00-U01,09:38:12,normal,NULL,KERNEL,INFO,Job navigation step verification succeeded
FATAL,1791970704,2026-10-14,R00-M0-N0-C:J00-U01,09:38:24,normal,NULL,KERNEL,FATAL,Authentication memory fault failure
-,1791970716,2026-10-14,R01-M0-N0-C:J00-U01,09:38:36,normal,NULL,KERNEL,INFO,Job navigation step verification succeeded
-,1791970728,2026-10-14,R02-M0-N0-C:J00-U01,09:38:48,normal,NULL,KERNEL,INFO,Job navigation step verification succeeded
-,1791970740,2026-10-14,R03-M0-N0-C:J00-U01,09:39:00,normal,NULL,KERNEL,INFO,Job navigation step verification succeeded
-,1791970752,2026-10-14,R04-M0-N0-C:J00-U01,09:39:12,normal,NULL,KERNEL,INFO,Job navigation step verification succeeded
-,1791970764,2026-10-14,R05-M0-N0-C:J00-U01,09:39:24,normal,NULL,KERNEL,INFO,Job navigation step verification succeeded
-,1791970776,2026-10-14,R06-M0-N0-C:J00-U01,09:39:36,normal,NULL,KERNEL,INFO,Job navigation step verification succeeded
-,1791970788,2026-10-14,R07-M0-N0-C:J00-U01,09:39:48,normal,NULL,KERNEL,INFO,Job navigation step verification succeeded
-,1791970800,2026-10-14,R08-M0-N0-C:J00-U01,09:40:00,normal,NULL,KERNEL,INFO,Job navigation step verification succeeded
